,background,fur,body,mouth,eyes,head,type
0,Lilly,Black,Intern,Liquid,Half Life,Glasses,Scientist
1,Mindaro,White,Bloody Mad Scientist,Smile,Black Glasses,Glasses,Scientist
2,Grey,Black,Elysium Guardian,Liquid,Red Laser,Glasses,Scientist
3,Yellow Green,White,Dr. Gordon,Smile,Bot Eyes,Brain,Scientist
4,Ancient Marble,White,Dr. Bacon,Smile,Green Eyes,Camera,Scientist
5,Aquamarine,Black,Lab Coats,Smile,Bandage,Alpha,Scientist
6,Blue Sky,Brown,Yokai Warlock,Tongue,Blue Eyes,Rick,Scientist
7,Cheesecake,Black,Green Hazmat,Tongue,Bandage,Cyclop,Scientist
8,Chamomile,Brown,Lab Tech,Smile,Terminator,Halo,Scientist
9,Light Green,Brown,Nuke Officer,Tongue,Red Eyes,Big Brain,Scientist
10,Aquamarine,White,Surgical Gown,Smile,Terminator,Rick,Scientist
11,Light Green,Black,The Professor,Liquid,The Doctor,none,Scientist
12,Matcha,White,Lab Suit,Liquid,Orange Eyes,Brain,Scientist
13,Kayla,White,Regular Bio,Liquid,Purple Eyes,Rick,Scientist
14,Marley,Brown,Ori Bio,Mask,Grey Eyes,Cyclop,Scientist
15,Light Green,White,Lab Suit,Smile,Rick Eyes,Cyclop,Scientist
16,Lotus Pink,Black,Mad Scientist,Smile,Grey Eyes,Big Brain,Scientist
17,Blue Sky,Black,Tabib,Smile,Red Laser,Head Mirror,Scientist
18,Mindaro,White,Serene Plume,Mask,Blue Eyes,Glasses,Scientist
19,Tuscan,Black,The Cleaner,Smile,Half Life,Halo,Scientist
20,Chamomile,Black,The Assistant,Smile,Purple Eyes,Alpha,Scientist
21,Grey,White,none,Smile,Green Laser,none,Scientist
22,Light Green,White,Dr. Ivan,Smile,The Doctor,Brain,Scientist
23,Arabella,Black,Rocket Scientist,Smile,Bandage,Brain,Scientist
24,Relaxing Green,Brown,Stetoskop,Smile,Green Eyes,Brain,Scientist
25,Lilly,Brown,Stetoskop,Smile,Tony Glasses,Brain,Scientist
26,Yellow Green,White,Lab Tech,Liquid,Orange Eyes,Web,Scientist
27,Pink,Brown,Dr. Mel Practice,Smile,Green Laser,Alpha,Scientist
28,Lilly,Brown,Mad Scientist,Mask,Black Glasses,Stings,Scientist
29,Lilly,Brown,none,Smile,Tony Glasses,Web,Scientist
30,Light Green,Black,Isolation Gown,Tongue,Black Glasses,none,Scientist
31,Cheesecake,White,Surgical Gown,Smile,Red Eyes,Head Mirror,Scientist
32,Nyanza,White,Yellow Hazmat,Smile,Purple Eyes,Web,Scientist
33,Tuscan,Black,Regular Bio,Smile,Rick Eyes,Alpha,Scientist
34,Blue Sky,Black,Mad Scientist,Smile,Terminator,Cyclop,Scientist
35,Frosty,Brown,Tank Top,Liquid,Half Life,Halo,Scientist
36,Light Green,White,Ori Bio,Liquid,Rick Eyes,Glasses,Scientist
37,Grey,White,Medical,Liquid,Green Eyes,Big Brain,Scientist
38,Chamomile,Brown,Hooks,Tongue,Red Laser,Halo,Scientist
39,Arabella,Black,Nuclear Vest,Liquid,Bandage,Alpha,Scientist
40,Gainsboro,White,Dr. Mel Practice,Smile,Terminator,Halo,Scientist
41,Yellow Green,Black,Coats,Mask,Blue Eyes,Stings,Scientist
42,Pink,White,Lab Tech,Mask,Orange Eyes,Camera,Scientist
43,Matcha,Brown,Tank Top,Liquid,Black Glasses,Big Brain,Scientist
44,Relaxing Green,White,Nuke Officer,Smile,Tony Glasses,Rick,Scientist
45,Creme de Peche,White,Coveralls,Smile,Glasses,Glasses,Scientist
46,Cool Crystal,Black,Officer,Tongue,Blue Eyes,Head Mirror,Scientist
47,Spring Green,White,Mad Scientist,Tongue,Tony Glasses,Alpha,Scientist
48,Theatre Powder Rose,White,Nuke Officer,Smile,Green Eyes,Camera,Scientist
49,Light Green,White,Serene Plume,Smile,Red Laser,Head Mirror,Scientist
50,Marley,White,none,Mask,Rick Eyes,Camera,Scientist
51,Matcha,Black,Lone Destructor,Liquid,Lab Glasses,Halo,Scientist
52,Chamomile,Black,Dr. Gordon,Mask,Rick Eyes,Halo,Scientist
53,Creme,White,Nuclear Vest,Liquid,Red Eyes,Cyclop,Scientist
54,Creme,White,Serene Plume,Tongue,Purple Eyes,none,Scientist
55,Yellow Green,Black,Dr. Bacon,Liquid,Lab Glasses,Glasses,Scientist
56,Light Teal,Brown,The Assistant,Liquid,Red Eyes,Camera,Scientist
57,Mindaro,Brown,Hooks,Liquid,Bandage,Head Mirror,Scientist
58,Ancient Marble,Brown,The Assistant,Mask,Bot Eyes,Big Brain,Scientist
59,Spring Green,Black,none,Liquid,Lab Glasses,Cyclop,Scientist
60,Blue Sky,Black,Blood Serpent,Mask,Lab Glasses,Halo,Scientist
61,Matcha,Brown,Nuke Officer,Liquid,Grey Eyes,Rick,Scientist
62,Marley,White,Radioactive,Smile,Glasses,Rick,Scientist
63,Lilly,Black,Serene Plume,Smile,Green Eyes,Alpha,Scientist
64,Kayla,White,Pixel Blast,Smile,Grey Eyes,Brain,Scientist
65,Aquamarine,Black,Inventor Fancy,Smile,Blue Eyes,Rick,Scientist
66,Relaxing Green,Black,Dr. Mel Practice,Mask,Bandage,Rick,Scientist
67,Arabella,Brown,Duality,Tongue,Bot Eyes,Big Brain,Scientist
68,Yellow Green,Black,Ore of Chemist,Mask,Bot Eyes,Rick,Scientist
69,Light Green,Brown,Vet,Mask,Glasses,Alpha,Scientist
70,Spring Green,Black,none,Liquid,Black Glasses,Halo,Scientist
71,Mindaro,White,Medical,Liquid,Red Eyes,none,Scientist
72,Theatre Powder Rose,White,Lab Coats,Smile,Rick Eyes,Glasses,Scientist
73,Cool Crystal,Brown,Medical,Smile,Orange Eyes,Web,Scientist
74,Ancient Marble,Black,Harley,Smile,Green Laser,Alpha,Scientist
75,Mindaro,White,The Professor,Mask,Green Laser,Camera,Scientist
76,Theatre Powder Rose,Black,Regular Bio,Smile,Grey Eyes,Cyclop,Scientist
77,Spring Green,Black,Dr. Gordon,Smile,Bot Eyes,Rick,Scientist
78,Bianchi Green,Brown,none,Liquid,Tony Glasses,Alpha,Scientist
79,Kayla,Brown,Inventor Fancy,Smile,Lab Glasses,none,Scientist
80,Light Green,Brown,Patient,Smile,Rick Eyes,Head Mirror,Scientist
81,Nyanza,White,Dr. Octopus,Smile,Red Laser,Cyclop,Scientist
82,Yellow Green,White,The Assistant,Smile,Black Glasses,Rick,Scientist
83,Kayla,White,Yellow Hazmat,Smile,Orange Eyes,none,Scientist
84,Yellow,White,The Professor,Smile,Black Glasses,Alpha,Scientist
85,Nyanza,Brown,Ore of Chemist,Liquid,Glasses,Glasses,Scientist
86,Cool Crystal,Black,Dr. Mel Practice,Tongue,Red Laser,Halo,Scientist
87,Ancient Marble,Brown,Blood Serpent,Smile,Tony Glasses,Alpha,Scientist
88,Nyanza,White,none,Tongue,Black Glasses,Web,Scientist
89,Ancient Marble,Black,The Professor,Liquid,Bandage,Web,Scientist
90,Light Teal,White,The Assistant,Mask,Lab Glasses,none,Scientist
91,Nimbus Cloud,Black,Hooks,Smile,Blue Eyes,Alpha,Scientist
92,Cool Crystal,Black,Isolation Gown,Liquid,Purple Eyes,Camera,Scientist
93,Nyanza,Brown,Coveralls,Smile,Bot Eyes,Camera,Scientist
94,Gainsboro,Brown,Nuclear Vest,Tongue,Rick Eyes,Camera,Scientist
95,Relaxing Green,White,Dr. Ivan,Smile,Bot Eyes,Camera,Scientist
96,Yellow Green,Brown,Tabib,Smile,Blue Eyes,Cyclop,Scientist
97,Arabella,Brown,Lab Coats,Smile,Black Glasses,Web,Scientist
98,Blue Sky,Black,Dream Caster,Tongue,Alchemist Larp Glasses,Brain,Scientist
99,Bianchi Green,Black,Dr. Mel Practice,Liquid,Tony Glasses,Web,Scientist
100,Light Teal,White,Yellow Hazmat,Smile,Purple Eyes,Brain,Scientist
101,Light Teal,White,Medical,Liquid,Glasses,Halo,Scientist
102,Marley,Brown,Serene Plume,Liquid,Red Laser,Glasses,Scientist
103,Marley,Brown,Lab Tech,Liquid,The Doctor,Head Mirror,Scientist
104,Creme,Brown,none,Liquid,Rick Eyes,Brain,Scientist
105,Cool Crystal,White,The Professor,Smile,Green Eyes,Big Brain,Scientist
106,Spring Green,Brown,Technician,Smile,Black Glasses,Cyclop,Scientist
107,Light Green,Brown,Dr. Octopus,Mask,Purple Eyes,Halo,Scientist
108,Cheesecake,Brown,Blood Serpent,Smile,Tony Glasses,Stings,Scientist
109,Light Teal,Black,Vet,Liquid,Bandage,Big Brain,Scientist
110,Light Green,Black,The Cleaner,Mask,Glasses,Big Brain,Scientist
111,Yellow,Black,Coveralls,Smile,Green Laser,Halo,Scientist
112,Pink,Brown,Lab Suit,Tongue,Purple Eyes,Stings,Scientist
113,Frosty,Black,Serene Plume,Smile,Rick Eyes,Glasses,Scientist
114,Chamomile,Brown,Dr. Ivan,Liquid,Rick Eyes,Alpha,Scientist
115,Light Green,Black,Nuke Officer,Tongue,Lab Glasses,none,Scientist
116,Lilly,Black,Blood Serpent,Smile,Black Glasses,Camera,Scientist
117,Cheesecake,Black,Dr. Dalton,Tongue,Rick Eyes,Big Brain,Scientist
118,Light Green,Brown,Regular Bio,Smile,Bot Eyes,Brain,Scientist
119,Aquamarine,Black,none,Smile,Purple Eyes,none,Scientist
120,Spring Green,White,Lab Suit,Mask,Orange Eyes,Halo,Scientist
121,Frosty,Black,Lab Coats,Smile,Rick Eyes,Cyclop,Scientist
122,Theatre Powder Rose,Brown,Dr. Ivan,Mask,Green Laser,Web,Scientist
123,Ancient Marble,Brown,Dr. Gordon,Smile,Bandage,Glasses,Scientist
124,Frosty,Brown,Dr. Octopus,Smile,Black Glasses,none,Scientist
125,Nyanza,Black,Radioactive,Smile,Tony Glasses,Rick,Scientist
126,Yellow Green,Brown,Bloody Mad Scientist,Liquid,Blue Eyes,Stings,Scientist
127,Kayla,Brown,Coats,Smile,Bandage,Camera,Scientist
128,Cheesecake,Black,Lone Destructor,Smile,Orange Eyes,none,Scientist
129,Cool Crystal,Brown,The Assistant,Smile,Tony Glasses,Head Mirror,Scientist
130,Arabella,Brown,Tabib,Tongue,Terminator,Head Mirror,Scientist
131,Blue Sky,White,Intern,Smile,Red Laser,Big Brain,Scientist
132,Blue,White,Medical,Liquid,Red Laser,Camera,Scientist
133,Lilly,Brown,Stetoskop,Tongue,Bandage,Web,Scientist
134,Creme de Peche,Brown,Blood Serpent,Liquid,Red Laser,Halo,Scientist
135,Yellow Green,Black,Ori Bio,Liquid,Black Glasses,Glasses,Scientist
136,Nimbus Cloud,White,Lone Destructor,Mask,Red Eyes,Big Brain,Scientist
137,Arabella,Brown,Lab Coats,Smile,Half Life,Stings,Scientist
138,Bianchi Green,Black,Dr. Bacon,Smile,Purple Eyes,Glasses,Scientist
139,Light Green,Brown,Technician,Smile,Green Eyes,none,Scientist
140,Nyanza,Brown,none,Liquid,Tony Glasses,Rick,Scientist
141,Frosty,Brown,Ori Bio,Smile,Alchemist Larp Glasses,Camera,Scientist
142,Nimbus Cloud,Brown,Stetoskop,Tongue,Black Glasses,Rick,Scientist
143,Theatre Powder Rose,Black,Hooks,Liquid,Lab Glasses,Alpha,Scientist
144,Aquamarine,White,Tabib,Smile,Grey Eyes,Halo,Scientist
145,Creme de Peche,White,Coveralls,Smile,Terminator,Stings,Scientist
146,Chamomile,Brown,Coats,Smile,Tony Glasses,Stings,Scientist
147,Creme de Peche,White,Lab Coats,Smile,Grey Eyes,Cyclop,Scientist
148,Blue Sky,White,Surgical Gown,Liquid,Red Laser,Head Mirror,Scientist
149,Cool Crystal,Brown,none,Mask,Bot Eyes,Alpha,Scientist
150,Blue Sky,Black,Aqua Pura,Tongue,Green Laser,Brain,Scientist
151,Mindaro,Brown,Intern,Smile,Blue Eyes,Cyclop,Scientist
152,Gainsboro,Brown,Stetoskop,Tongue,Alchemist Larp Glasses,Rick,Scientist
153,Marley,Brown,Harley,Liquid,Green Eyes,Halo,Scientist
154,Tuscan,White,Nuclear Vest,Mask,Tony Glasses,Web,Scientist
155,Theatre Powder Rose,Black,Radioactive,Smile,Blue Eyes,Rick,Scientist
156,Blue,Black,Dr. Gordon,Smile,Tony Glasses,none,Scientist
157,Marley,White,Blood Serpent,Smile,Bot Eyes,Camera,Scientist
158,Yellow,Black,Lab Tech,Tongue,Lab Glasses,Web,Scientist
159,Ancient Marble,White,none,Liquid,Lab Glasses,Rick,Scientist
160,Bianchi Green,Black,Serene Plume,Mask,Grey Eyes,Head Mirror,Scientist
161,Marley,Brown,Dr. Dalton,Smile,Half Life,Brain,Scientist
162,Cool Crystal,White,Ori Bio,Tongue,Green Laser,Camera,Scientist
163,Blue,Brown,Hooks,Smile,Bot Eyes,Big Brain,Scientist
164,Pink,Black,Dr. Ivan,Smile,Blue Eyes,Camera,Scientist
165,Mindaro,Brown,Rocket Scientist,Smile,Purple Eyes,none,Scientist
166,Cheesecake,Brown,Aqua Pura,Smile,Lab Glasses,Stings,Scientist
167,Pink,Brown,Dr. Bacon,Mask,Rick Eyes,Halo,Scientist
168,Yellow,Brown,Vet,Smile,Purple Eyes,Cyclop,Scientist
169,Chamomile,White,Patient,Smile,Blue Eyes,Alpha,Scientist
170,Marley,White,Serene Plume,Smile,Half Life,Brain,Scientist
171,Lotus Pink,White,Dr. Dalton,Smile,Green Eyes,Web,Scientist
172,Creme de Peche,White,Nuke Officer,Smile,Alchemist Larp Glasses,Web,Scientist
173,Creme,Brown,Nuclear Vest,Smile,The Doctor,Cyclop,Scientist
174,Chamomile,Brown,Isolation Gown,Mask,Glasses,Glasses,Scientist
175,Tuscan,Black,none,Liquid,Glasses,Head Mirror,Scientist
176,Cool Crystal,Brown,Dr. Ivan,Smile,Grey Eyes,Alpha,Scientist
177,Nimbus Cloud,Brown,none,Liquid,Glasses,none,Scientist
178,Creme,White,Lab Suit,Smile,Rick Eyes,Brain,Scientist
179,Nyanza,White,Dr. Gordon,Smile,Tony Glasses,Web,Scientist
180,Spring Green,Black,Vet,Mask,The Doctor,none,Scientist
181,Matcha,Brown,Ori Bio,Mask,Half Life,Web,Scientist
182,Blue Sky,Black,Surgical Gown,Smile,Green Laser,Cyclop,Scientist
183,Relaxing Green,Black,Technician,Tongue,Lab Glasses,Rick,Scientist
184,Blue Sky,Black,none,Smile,The Doctor,Head Mirror,Scientist
185,Nimbus Cloud,White,Ore of Chemist,Tongue,The Doctor,Camera,Scientist
186,Frosty,White,Yokai Warlock,Tongue,Green Laser,Head Mirror,Scientist
187,Mindaro,White,Harley,Liquid,Purple Eyes,Halo,Scientist
188,Blue,Black,The Cleaner,Smile,Bot Eyes,none,Scientist
189,Cheesecake,Black,none,Liquid,Green Eyes,Alpha,Scientist
190,Ancient Marble,White,Dream Caster,Liquid,Green Eyes,Rick,Scientist
191,Yellow Green,Brown,Stetoskop,Tongue,Red Eyes,Brain,Scientist
192,Relaxing Green,White,Hooks,Tongue,Tony Glasses,Head Mirror,Scientist
193,Frosty,Black,Coats,Mask,Tony Glasses,Rick,Scientist
194,Bianchi Green,Brown,Lone Destructor,Smile,Tony Glasses,Web,Scientist
195,Ancient Marble,Brown,The Cleaner,Smile,Rick Eyes,Head Mirror,Scientist
196,Grey,Brown,The Cleaner,Liquid,Half Life,Stings,Scientist
197,Marley,White,Realm Watcher,Mask,Red Laser,Stings,Scientist
198,Cool Crystal,Brown,none,Liquid,Half Life,Alpha,Scientist
199,Relaxing Green,White,Patient,Liquid,Green Eyes,Halo,Scientist
200,Chamomile,Brown,Regular Bio,Liquid,Purple Eyes,Web,Scientist
201,Frosty,Brown,Lab Suit,Smile,Red Laser,Halo,Scientist
202,Nyanza,White,Officer,Tongue,Bandage,Web,Scientist
203,Ancient Marble,Brown,Duality,Smile,Rick Eyes,Camera,Scientist
204,Arabella,Brown,Yellow Hazmat,Smile,Rick Eyes,Rick,Scientist
205,Relaxing Green,Black,Hooks,Smile,Alchemist Larp Glasses,Big Brain,Scientist
206,Cool Crystal,Brown,Tank Top,Smile,Half Life,none,Scientist
207,Cheesecake,Black,Serene Plume,Smile,The Doctor,Brain,Scientist
208,Ancient Marble,Brown,Ore of Chemist,Tongue,Grey Eyes,Stings,Scientist
209,Spring Green,Black,Tank Top,Smile,Black Glasses,Halo,Scientist
210,Theatre Powder Rose,Brown,The Assistant,Tongue,Purple Eyes,Stings,Scientist
211,Yellow,Black,The Cleaner,Smile,Grey Eyes,Big Brain,Scientist
212,Ancient Marble,Brown,Dr. Ivan,Smile,Alchemist Larp Glasses,none,Scientist
213,Lilly,Black,Realm Watcher,Smile,Purple Eyes,Head Mirror,Scientist
214,Marley,Black,Dream Caster,Tongue,Blue Eyes,Rick,Scientist
215,Bianchi Green,Brown,Vet,Smile,Bot Eyes,none,Scientist
216,Theatre Powder Rose,Black,Stetoskop,Smile,Glasses,Camera,Scientist
217,Blue Sky,White,none,Tongue,Green Eyes,none,Scientist
218,Light Green,Black,Intern,Smile,Lab Glasses,Big Brain,Scientist
219,Frosty,White,Nuclear Vest,Smile,Rick Eyes,Head Mirror,Scientist
220,Cool Crystal,Black,Dr. Bacon,Smile,The Doctor,Glasses,Scientist
221,Marley,Brown,Patient,Smile,Terminator,Rick,Scientist
222,Gainsboro,White,Tank Top,Tongue,Terminator,Glasses,Scientist
223,Creme,Brown,Dr. Gordon,Mask,Blue Eyes,Head Mirror,Scientist
224,Lilly,White,Surgical Gown,Smile,Tony Glasses,Rick,Scientist
225,Blue,Black,Vet,Mask,Rick Eyes,Stings,Scientist
226,Aquamarine,Brown,Coveralls,Tongue,Bot Eyes,Camera,Scientist
227,Ancient Marble,Black,Pixel Blast,Tongue,Blue Eyes,Cyclop,Scientist
228,Lilly,Brown,Yokai Warlock,Tongue,Green Eyes,Rick,Scientist
229,Arabella,Black,none,Tongue,Lab Glasses,Alpha,Scientist
230,Cool Crystal,Brown,none,Tongue,Grey Eyes,Head Mirror,Scientist
231,Arabella,Brown,none,Smile,Half Life,Glasses,Scientist
232,Cool Crystal,White,Yokai Warlock,Liquid,Bot Eyes,Glasses,Scientist
233,Ancient Marble,Black,none,Tongue,Bot Eyes,Halo,Scientist
234,Nimbus Cloud,Black,none,Smile,Orange Eyes,Head Mirror,Scientist
235,Nimbus Cloud,White,Pixel Blast,Mask,Green Laser,Stings,Scientist
236,Gainsboro,Black,Blood Serpent,Smile,Green Eyes,Big Brain,Scientist
237,Yellow Green,White,Yokai Warlock,Smile,Red Laser,Web,Scientist
238,Frosty,White,Dr. Bacon,Smile,Purple Eyes,Stings,Scientist
239,Yellow,White,Dr. Ivan,Liquid,Orange Eyes,Camera,Scientist
240,Relaxing Green,White,Serene Plume,Liquid,Blue Eyes,Rick,Scientist
241,Marley,White,Yellow Hazmat,Smile,Red Laser,Stings,Scientist
242,Lotus Pink,Black,Coveralls,Smile,Purple Eyes,Cyclop,Scientist
243,Lilly,White,Lab Suit,Smile,Red Laser,Alpha,Scientist
244,Lilly,Black,Rocket Scientist,Liquid,Green Eyes,none,Scientist
245,Cheesecake,Brown,Dr. Dalton,Tongue,Black Glasses,Cyclop,Scientist
246,Nyanza,White,Aqua Pura,Tongue,Lab Glasses,Brain,Scientist
247,Ancient Marble,White,Aqua Pura,Smile,Red Eyes,Cyclop,Scientist
248,Aquamarine,Brown,Dr. Mel Practice,Smile,Lab Glasses,none,Scientist
249,Chamomile,White,The Professor,Mask,Tony Glasses,Web,Scientist
250,Kayla,Black,Blood Serpent,Tongue,Bandage,Web,Scientist
251,Spring Green,Brown,Aqua Pura,Smile,Half Life,none,Scientist
252,Lotus Pink,Black,Lab Tech,Mask,Black Glasses,Brain,Scientist
253,Mindaro,Brown,Aqua Pura,Smile,Blue Eyes,Web,Scientist
254,Nyanza,White,Dr. Mel Practice,Mask,Grey Eyes,Glasses,Scientist
255,Aquamarine,White,Dr. Octopus,Mask,Bandage,Big Brain,Scientist
256,Chamomile,Brown,Coveralls,Smile,Terminator,Cyclop,Scientist
257,Grey,White,Lab Coats,Mask,Terminator,Glasses,Scientist
258,Frosty,Brown,Lone Destructor,Mask,Orange Eyes,Head Mirror,Scientist
259,Creme de Peche,White,Dr. Mel Practice,Tongue,Black Glasses,Halo,Scientist
260,Spring Green,Brown,Lab Coats,Mask,Alchemist Larp Glasses,Web,Scientist
261,Nimbus Cloud,Black,Dr. Bacon,Smile,Alchemist Larp Glasses,Cyclop,Scientist
262,Nyanza,White,Yokai Warlock,Liquid,Blue Eyes,Cyclop,Scientist
263,Grey,Brown,Dream Caster,Mask,Blue Eyes,Cyclop,Scientist
264,Frosty,White,Surgical Gown,Smile,Grey Eyes,Camera,Scientist
265,Arabella,Brown,Lone Destructor,Smile,Lab Glasses,Brain,Scientist
266,Yellow Green,Brown,Ori Bio,Smile,Half Life,Web,Scientist
267,Cheesecake,Brown,Mad Scientist,Mask,The Doctor,Head Mirror,Scientist
268,Yellow,White,Dr. Ivan,Mask,Lab Glasses,Stings,Scientist
269,Pink,Brown,Dr. Mel Practice,Smile,Green Laser,Camera,Scientist
270,Chamomile,Brown,Patient,Smile,Green Eyes,Brain,Scientist
271,Chamomile,White,Rocket Scientist,Mask,Grey Eyes,Cyclop,Scientist
272,Creme,White,Mad Scientist,Mask,Orange Eyes,Rick,Scientist
273,Nimbus Cloud,Brown,Harley,Smile,Black Glasses,Stings,Scientist
274,Lilly,White,Surgical Gown,Tongue,Red Laser,none,Scientist
275,Ancient Marble,White,Ori Bio,Liquid,Green Laser,Cyclop,Scientist
276,Mindaro,Brown,Yellow Hazmat,Smile,Grey Eyes,Stings,Scientist
277,Yellow Green,White,Isolation Gown,Tongue,Lab Glasses,Brain,Scientist
278,Cool Crystal,Black,Yokai Warlock,Liquid,Green Laser,Brain,Scientist
279,Nyanza,Brown,Officer,Tongue,Alchemist Larp Glasses,Camera,Scientist
280,Ancient Marble,Brown,Yokai Warlock,Smile,Alchemist Larp Glasses,Head Mirror,Scientist
281,Gainsboro,Brown,Mad Scientist,Smile,Purple Eyes,Halo,Scientist
282,Ancient Marble,Brown,Coats,Smile,Rick Eyes,Brain,Scientist
283,Light Green,Black,Bloody Mad Scientist,Liquid,Terminator,Glasses,Scientist
284,Lotus Pink,Brown,none,Tongue,Black Glasses,Head Mirror,Scientist
285,Yellow,White,Hooks,Smile,Rick Eyes,Rick,Scientist
286,Theatre Powder Rose,White,The Cleaner,Liquid,Green Laser,Glasses,Scientist
287,Bianchi Green,Brown,Dr. Ivan,Smile,Blue Eyes,Head Mirror,Scientist
288,Gainsboro,Brown,Blood Serpent,Mask,Blue Eyes,Alpha,Scientist
289,Lilly,White,Nuke Officer,Smile,Half Life,Stings,Scientist
290,Nimbus Cloud,Black,Harley,Smile,Bot Eyes,Halo,Scientist
291,Light Green,Black,Blood Serpent,Smile,The Doctor,Head Mirror,Scientist
292,Blue Sky,White,none,Smile,Green Laser,Glasses,Scientist
293,Yellow Green,White,The Cleaner,Liquid,Orange Eyes,Web,Scientist
294,Ancient Marble,Brown,Patient,Smile,Glasses,Brain,Scientist
295,Theatre Powder Rose,Brown,none,Tongue,Glasses,Alpha,Scientist
296,Ancient Marble,White,Regular Bio,Liquid,Alchemist Larp Glasses,Web,Scientist
297,Theatre Powder Rose,White,Inventor Fancy,Smile,Bandage,Stings,Scientist
298,Yellow Green,White,Duality,Tongue,Green Laser,Stings,Scientist
299,Gainsboro,White,Bloody Mad Scientist,Tongue,Red Eyes,Camera,Scientist
300,Pink,Black,Tabib,Tongue,Red Eyes,Stings,Scientist
301,Tuscan,Brown,Lone Destructor,Tongue,Rick Eyes,Head Mirror,Scientist
302,Kayla,Black,Surgical Gown,Smile,The Doctor,Brain,Scientist
303,Chamomile,White,Rocket Scientist,Smile,Green Eyes,Glasses,Scientist
304,Bianchi Green,Brown,The Professor,Smile,Terminator,Cyclop,Scientist
305,Kayla,Brown,Medical,Smile,Orange Eyes,Rick,Scientist
306,Lilly,White,Dr. Mel Practice,Liquid,Green Eyes,Cyclop,Scientist
307,Yellow,Brown,Dr. Gordon,Tongue,The Doctor,Brain,Scientist
308,Cool Crystal,White,Lab Suit,Liquid,Red Eyes,Glasses,Scientist
309,Lilly,Brown,none,Tongue,Blue Eyes,Head Mirror,Scientist
310,Mindaro,Brown,Rocket Scientist,Mask,Half Life,Head Mirror,Scientist
311,Blue Sky,Black,Blood Serpent,Liquid,Green Eyes,Web,Scientist
312,Cheesecake,White,Inventor Fancy,Smile,Grey Eyes,Alpha,Scientist
313,Blue Sky,Brown,Medical,Smile,Half Life,Web,Scientist
314,Creme de Peche,White,none,Tongue,Red Eyes,Big Brain,Scientist
315,Ancient Marble,Brown,Blood Serpent,Smile,Lab Glasses,Camera,Scientist
316,Grey,Brown,Green Hazmat,Liquid,Tony Glasses,Alpha,Scientist
317,Tuscan,Black,Dr. Gordon,Smile,Terminator,Glasses,Scientist
318,Gainsboro,Black,The Cleaner,Tongue,Green Eyes,Stings,Scientist
319,Light Green,Brown,Dr. Ivan,Liquid,Terminator,Brain,Scientist
320,Cheesecake,Brown,Intern,Smile,Red Eyes,Big Brain,Scientist
321,Nyanza,Black,Ori Bio,Liquid,Red Laser,Cyclop,Scientist
322,Marley,Brown,Hooks,Tongue,Bandage,Stings,Scientist
323,Creme de Peche,White,Dr. Ivan,Smile,Lab Glasses,Brain,Scientist
324,Yellow Green,White,Green Hazmat,Smile,Green Eyes,Cyclop,Scientist
325,Creme,Black,Nuclear Vest,Tongue,Terminator,Head Mirror,Scientist
326,Aquamarine,Brown,none,Liquid,The Doctor,Alpha,Scientist
327,Cool Crystal,Brown,Rocket Scientist,Liquid,Half Life,Alpha,Scientist
328,Marley,White,Patient,Smile,Tony Glasses,Brain,Scientist
329,Bianchi Green,Black,Regular Bio,Mask,Red Laser,Brain,Scientist
330,Theatre Powder Rose,Brown,Dr. Gordon,Liquid,Lab Glasses,Web,Scientist
331,Ancient Marble,Black,The Professor,Liquid,Lab Glasses,Alpha,Scientist
332,Nimbus Cloud,Brown,none,Smile,Alchemist Larp Glasses,Head Mirror,Scientist
333,Aquamarine,Brown,Aqua Pura,Smile,Half Life,Glasses,Scientist
334,Yellow,Brown,Duality,Smile,Grey Eyes,Big Brain,Scientist
335,Creme,White,Dream Caster,Smile,Half Life,none,Scientist
336,Gainsboro,Brown,Dr. Ivan,Liquid,Glasses,Rick,Scientist
337,Creme,Black,none,Smile,Red Eyes,Glasses,Scientist
338,Grey,Brown,Yellow Hazmat,Mask,Alchemist Larp Glasses,Glasses,Scientist
339,Frosty,Brown,Serene Plume,Smile,Lab Glasses,Camera,Scientist
340,Ancient Marble,White,Coveralls,Smile,Rick Eyes,Web,Scientist
341,Cheesecake,Brown,Yellow Hazmat,Tongue,Red Eyes,Halo,Scientist
342,Frosty,White,Tank Top,Smile,The Doctor,Camera,Scientist
